{
  "metrics": {
    "MSE-trained": {
      "MSE": 0.28180344091502213,
      "RMSE": 0.5308516185479913,
      "MAE": 0.36017212136443405,
      "R2": 0.4575252432791662
    },
    "MAE-trained": {
      "MSE": 0.4241520403202983,
      "RMSE": 0.6512695604128127,
      "MAE": 0.49200831689198665,
      "R2": 0.18350260685857522
    }
  },
  "above_one_residual": {
    "MSE-trained": 29,
    "MAE-trained": 44,
    "n_test": 355
  }
}