{
  "classification": {
    "xgb": {
      "acc": 0.7380281690140845,
      "f1_macro": 0.6986022717968186,
      "best_params": {
        "learning_rate": 0.05,
        "max_depth": 3,
        "n_estimators": 100,
        "reg_alpha": 0
      },
      "cv_f1": 0.656,
      "cv_f1_std": 0.0,
      "per_class_f1": {
        "Low": 0.842391304347826,
        "Medium": 0.6545454545454545,
        "High": 0.5988700564971752
      },
      "per_class_precision": {
        "Low": 0.8333333333333334,
        "Medium": 0.7105263157894737,
        "High": 0.5698924731182796
      },
      "per_class_recall": {
        "Low": 0.8516483516483516,
        "Medium": 0.6067415730337079,
        "High": 0.6309523809523809
      },
      "confusion_matrix": [
        [
          155,
          11,
          16
        ],
        [
          11,
          54,
          24
        ],
        [
          20,
          11,
          53
        ]
      ]
    },
    "gru": {
      "acc": 0.6704225352112676,
      "f1_macro": 0.6084073324135654,
      "per_class_f1": {
        "Low": 0.8539325842696629,
        "Medium": 0.4819277108433735,
        "High": 0.48936170212765956
      },
      "per_class_precision": {
        "Low": 0.8735632183908046,
        "Medium": 0.5194805194805194,
        "High": 0.4423076923076923
      },
      "per_class_recall": {
        "Low": 0.8351648351648352,
        "Medium": 0.449438202247191,
        "High": 0.5476190476190477
      },
      "confusion_matrix": [
        [
          152,
          13,
          17
        ],
        [
          8,
          40,
          41
        ],
        [
          14,
          24,
          46
        ]
      ]
    },
    "baseline": {
      "acc": 0.23661971830985915,
      "f1_macro": 0.1275626423690205
    }
  },
  "regression": {
    "gb": {
      "r2": 0.4575252432791662,
      "rmse": 0.5308516185479913,
      "mae": 0.36017212136443405,
      "best_params": {
        "learning_rate": 0.05,
        "max_depth": 3,
        "n_estimators": 100,
        "subsample": 0.8
      },
      "cv_r2": 0.42,
      "cv_r2_std": 0.0
    },
    "gru": {
      "r2": 0.5067145824432373,
      "rmse": 0.5062120894377676,
      "mae": 0.3420372009277344
    },
    "baseline": {
      "r2": -0.14177814159319002,
      "rmse": 0.770148087453674,
      "mae": 0.6104683025690374
    }
  },
  "tercile": {
    "q33": 7.0,
    "q66": 7.4
  },
  "holdout_patients": [
    "AS14.01",
    "AS14.12",
    "AS14.13",
    "AS14.17",
    "AS14.28"
  ],
  "n_features": 81,
  "n_train": 1610,
  "n_test": 355
}